alpha,energy
0.0,-0.49999999999999906
0.04081632653061224,-0.4603999999999987
0.08163265306122448,-0.4231156483216396
0.12244897959183673,-0.38798559285566997
0.16326530612244897,-0.35487302295380646
0.2040816326530612,-0.32365853957275625
0.24489795918367346,-0.2942381753440571
0.2857142857142857,-0.26652264736546366
0.32653061224489793,-0.24043323721199183
0.36734693877551017,-0.2159030415676371
0.4081632653061224,-0.1928757339559336
0.44897959183673464,-0.17130402233664946
0.4897959183673469,-0.15114888724733658
0.5306122448979591,-0.13237840723944388
0.5714285714285714,-0.114966027481389
0.6122448979591836,-0.09889061064959805
0.6530612244897959,-0.08413160352127526
0.6938775510204082,-0.07066880634271787
0.7346938775510203,-0.05848054119359988
0.7755102040816326,-0.04754451135171141
0.8163265306122448,-0.03782880375442118
0.8571428571428571,-0.029302070179075986
0.8979591836734693,-0.021929290778207274
0.9387755102040816,-0.01567568644873652
0.9795918367346939,-0.010503418061830198
1.0204081632653061,-0.006411548394870752
1.0612244897959182,-0.0033270479011724644
1.1020408163265305,-0.0012029150950384716
1.1428571428571428,0.00010183395746266467
1.183673469387755,0.0008292779872995266
1.2244897959183672,0.0012211447169842371
1.2653061224489794,0.0014288527976797057
1.3061224489795917,0.001555844742660478
1.346938775510204,0.0003276796348327697
1.3877551020408163,0.0006787478363127234
1.4285714285714284,0.0006811307502608069
1.4693877551020407,0.000686957627981705
1.510204081632653,0.0007090434382035007
1.5510204081632653,0.000715472460672815
1.5918367346938773,0.0007348456063757157
1.6326530612244896,0.0007377348998221043
1.673469387755102,0.000779768946655721
1.7142857142857142,0.0007590176824428434
1.7551020408163265,0.0007757240673302848
1.7959183673469385,0.0006728894101935053
1.8367346938775508,0.01001139817571443
1.8775510204081631,0.001361615829147466
1.9183673469387754,0.001362342694520572
1.9591836734693877,0.0008511894999055497
2.0,0.0013550843361419427
